{
    "comment": "Unless otherwise specified, the unit of energy is eV and the unit of length is Angstrom",
    "init": {
        "element": {
            "Cu": "Cu"
        },
        "orb": {
            "Cu": "./Cu_gga_6au_100Ry_4s2p2d1f.orb"
        },
        "pp": {
            "Cu": "Cu.upf"
        },
        "coordinate": [
            [
                0.0,
                0.0,
                0.0
            ]
        ],
        "mag": [
            0.0
        ],
        "label": [
            "Cu"
        ],
        "cell": [
            [
                0.5,
                0.5,
                0.0
            ],
            [
                0.5,
                0.0,
                0.5
            ],
            [
                0.0,
                0.5,
                0.5
            ]
        ],
        "point_group": "O_h",
        "point_group_in_space": "O_h",
        "natom": 1,
        "nband": 20,
        "natom_each_type": {
            "Cu": 1
        },
        "nelectron_each_type": {
            "Cu": 19.0
        },
        "nelectron": 19
    },
    "output": [
        {
            "e_fermi": null,
            "energy": -5150.244757234056,
            "scf_converge": null,
            "force": null,
            "stress": null,
            "coordinate": [
                [
                    0.0,
                    0.0,
                    0.0
                ]
            ],
            "mag": [
                0.0
            ],
            "cell": [
                [
                    0.5,
                    0.5,
                    0.0
                ],
                [
                    0.5,
                    0.0,
                    0.5
                ],
                [
                    0.0,
                    0.5,
                    0.5
                ]
            ],
            "total_mag": 0.0,
            "absolute_mag": 0.0,
            "scf": [
                {
                    "energy": -5150.144137051046,
                    "ediff": 0.0,
                    "drho": 0.037232676811280177,
                    "time": 0.13949642100000005
                },
                {
                    "energy": -5150.231803252122,
                    "ediff": -0.08766620107590385,
                    "drho": 0.008999512775602457,
                    "time": 0.10376759399999996
                },
                {
                    "energy": -5150.244761922085,
                    "ediff": -0.0129586699635037,
                    "drho": 0.0008485091187009508,
                    "time": 0.10409248300000007
                },
                {
                    "energy": -5150.244732559133,
                    "ediff": 0.000029362952056330076,
                    "drho": 0.0004199081871977362,
                    "time": 0.10945262999999994
                },
                {
                    "energy": -5150.244757210629,
                    "ediff": -0.000024651496848915827,
                    "drho": 0.000026758104238303459,
                    "time": 0.087218138
                },
                {
                    "energy": -5150.244757230323,
                    "ediff": -1.9692941360403895e-8,
                    "drho": 0.000002213610255765868,
                    "time": 0.10085856000000004
                },
                {
                    "energy": -5150.244757232651,
                    "ediff": -2.32791711482605e-9,
                    "drho": 9.71458378305022e-7,
                    "time": 0.09653179199999995
                },
                {
                    "energy": -5150.2447572331789,
                    "ediff": -5.274549741898227e-10,
                    "drho": 2.476513178400322e-8,
                    "time": 0.09973091700000014
                },
                {
                    "energy": -5150.244757234056,
                    "ediff": -8.778026329991917e-10,
                    "drho": 1.8985415525596105e-9,
                    "time": 0.106534766
                }
            ]
        }
    ],
    "general_info": {
        "version": "v3.10.0",
        "commit": "unknown",
        "device": "cpu",
        "mpi_num": 8,
        "omp_num": 1,
        "pseudo_dir": "./",
        "orbital_dir": "./",
        "stru_file": "STRU",
        "kpt_file": "KPT",
        "start_time": "2025-06-23 21:36:13",
        "end_time": "2025-06-23 21:36:21"
    }
}